,subject_id,spm_l2_path,spm_l2_path_description,spm_l2_targeted_contrast_filepath,contrast_HealthyLiked(T2>T1)_fname,contrast_UnhealthyLiked(T2>T1)_fname,contrast_HealthyDisliked(T2>T1)_fname,contrast_UnhealthyDisliked(T2>T1)_fname,contrast_HealthyLiked(T2<T1)_fname,contrast_UnhealthyLiked(T2<T1)_fname,contrast_HealthyDisliked(T2<T1)_fname,contrast_UnhealthyDisliked(T2<T1)_fname
0,DEV005,/Users/denicia/DEV/nonbids_data/fMRI/fx/models/WTP/all_waves/conditions/sub-DEV005/,"'/Users/denicia/DEV/nonbids_data/fMRI/fx/models/WTP/all_waves/conditions/sub-DEV005/,1'",,spmT_0001.nii,spmT_0002.nii,spmT_0003.nii,spmT_0004.nii,spmT_0005.nii,spmT_0006.nii,spmT_0007.nii,spmT_0008.nii
1,DEV008,/Users/denicia/DEV/nonbids_data/fMRI/fx/models/WTP/all_waves/conditions/sub-DEV008/,"'/Users/denicia/DEV/nonbids_data/fMRI/fx/models/WTP/all_waves/conditions/sub-DEV008/,1'",,spmT_0001.nii,spmT_0002.nii,spmT_0003.nii,spmT_0004.nii,spmT_0005.nii,spmT_0006.nii,spmT_0007.nii,spmT_0008.nii
2,DEV010,/Users/denicia/DEV/nonbids_data/fMRI/fx/models/WTP/all_waves/conditions/sub-DEV010/,"'/Users/denicia/DEV/nonbids_data/fMRI/fx/models/WTP/all_waves/conditions/sub-DEV010/,1'",,spmT_0001.nii,spmT_0002.nii,spmT_0003.nii,spmT_0004.nii,spmT_0005.nii,,,
3,DEV012,/Users/denicia/DEV/nonbids_data/fMRI/fx/models/WTP/all_waves/conditions/sub-DEV012/,"'/Users/denicia/DEV/nonbids_data/fMRI/fx/models/WTP/all_waves/conditions/sub-DEV012/,1'",,spmT_0001.nii,spmT_0002.nii,spmT_0003.nii,spmT_0004.nii,spmT_0005.nii,,,
4,DEV013,/Users/denicia/DEV/nonbids_data/fMRI/fx/models/WTP/all_waves/conditions/sub-DEV013/,"'/Users/denicia/DEV/nonbids_data/fMRI/fx/models/WTP/all_waves/conditions/sub-DEV013/,1'",,spmT_0001.nii,spmT_0002.nii,spmT_0003.nii,spmT_0004.nii,spmT_0005.nii,spmT_0006.nii,spmT_0007.nii,spmT_0008.nii
5,DEV014,/Users/denicia/DEV/nonbids_data/fMRI/fx/models/WTP/all_waves/conditions/sub-DEV014/,"'/Users/denicia/DEV/nonbids_data/fMRI/fx/models/WTP/all_waves/conditions/sub-DEV014/,1'",,spmT_0001.nii,spmT_0002.nii,spmT_0003.nii,spmT_0004.nii,spmT_0005.nii,,,
6,DEV016,/Users/denicia/DEV/nonbids_data/fMRI/fx/models/WTP/all_waves/conditions/sub-DEV016/,"'/Users/denicia/DEV/nonbids_data/fMRI/fx/models/WTP/all_waves/conditions/sub-DEV016/,1'",,spmT_0001.nii,spmT_0002.nii,spmT_0003.nii,spmT_0004.nii,spmT_0005.nii,spmT_0006.nii,spmT_0007.nii,spmT_0008.nii
7,DEV017,/Users/denicia/DEV/nonbids_data/fMRI/fx/models/WTP/all_waves/conditions/sub-DEV017/,"'/Users/denicia/DEV/nonbids_data/fMRI/fx/models/WTP/all_waves/conditions/sub-DEV017/,1'",,spmT_0001.nii,spmT_0002.nii,spmT_0003.nii,spmT_0004.nii,spmT_0005.nii,spmT_0006.nii,spmT_0007.nii,spmT_0008.nii
8,DEV018,/Users/denicia/DEV/nonbids_data/fMRI/fx/models/WTP/all_waves/conditions/sub-DEV018/,"'/Users/denicia/DEV/nonbids_data/fMRI/fx/models/WTP/all_waves/conditions/sub-DEV018/,1'",,spmT_0001.nii,spmT_0002.nii,spmT_0003.nii,spmT_0004.nii,spmT_0005.nii,,,
9,DEV020,/Users/denicia/DEV/nonbids_data/fMRI/fx/models/WTP/all_waves/conditions/sub-DEV020/,"'/Users/denicia/DEV/nonbids_data/fMRI/fx/models/WTP/all_waves/conditions/sub-DEV020/,1'",,spmT_0001.nii,spmT_0002.nii,spmT_0003.nii,spmT_0004.nii,spmT_0005.nii,spmT_0006.nii,spmT_0007.nii,spmT_0008.nii
10,DEV021,/Users/denicia/DEV/nonbids_data/fMRI/fx/models/WTP/all_waves/conditions/sub-DEV021/,"'/Users/denicia/DEV/nonbids_data/fMRI/fx/models/WTP/all_waves/conditions/sub-DEV021/,1'",,spmT_0001.nii,spmT_0002.nii,spmT_0003.nii,spmT_0004.nii,spmT_0005.nii,,,
11,DEV023,/Users/denicia/DEV/nonbids_data/fMRI/fx/models/WTP/all_waves/conditions/sub-DEV023/,"'/Users/denicia/DEV/nonbids_data/fMRI/fx/models/WTP/all_waves/conditions/sub-DEV023/,1'",,spmT_0001.nii,spmT_0002.nii,spmT_0003.nii,spmT_0004.nii,spmT_0005.nii,spmT_0006.nii,spmT_0007.nii,spmT_0008.nii
12,DEV024,/Users/denicia/DEV/nonbids_data/fMRI/fx/models/WTP/all_waves/conditions/sub-DEV024/,"'/Users/denicia/DEV/nonbids_data/fMRI/fx/models/WTP/all_waves/conditions/sub-DEV024/,1'",,spmT_0001.nii,spmT_0002.nii,spmT_0003.nii,spmT_0004.nii,spmT_0005.nii,,,
13,DEV027,/Users/denicia/DEV/nonbids_data/fMRI/fx/models/WTP/all_waves/conditions/sub-DEV027/,"'/Users/denicia/DEV/nonbids_data/fMRI/fx/models/WTP/all_waves/conditions/sub-DEV027/,1'",,spmT_0001.nii,spmT_0002.nii,spmT_0003.nii,spmT_0004.nii,spmT_0005.nii,,,
14,DEV028,/Users/denicia/DEV/nonbids_data/fMRI/fx/models/WTP/all_waves/conditions/sub-DEV028/,"'/Users/denicia/DEV/nonbids_data/fMRI/fx/models/WTP/all_waves/conditions/sub-DEV028/,1'",,spmT_0001.nii,spmT_0002.nii,spmT_0003.nii,spmT_0004.nii,spmT_0005.nii,,,
15,DEV030,/Users/denicia/DEV/nonbids_data/fMRI/fx/models/WTP/all_waves/conditions/sub-DEV030/,"'/Users/denicia/DEV/nonbids_data/fMRI/fx/models/WTP/all_waves/conditions/sub-DEV030/,1'",,spmT_0001.nii,spmT_0002.nii,spmT_0003.nii,spmT_0004.nii,spmT_0005.nii,,,
16,DEV036,/Users/denicia/DEV/nonbids_data/fMRI/fx/models/WTP/all_waves/conditions/sub-DEV036/,"'/Users/denicia/DEV/nonbids_data/fMRI/fx/models/WTP/all_waves/conditions/sub-DEV036/,1'",,spmT_0001.nii,spmT_0002.nii,spmT_0003.nii,spmT_0004.nii,spmT_0005.nii,,,
17,DEV038,/Users/denicia/DEV/nonbids_data/fMRI/fx/models/WTP/all_waves/conditions/sub-DEV038/,"'/Users/denicia/DEV/nonbids_data/fMRI/fx/models/WTP/all_waves/conditions/sub-DEV038/,1'",,spmT_0001.nii,spmT_0002.nii,spmT_0003.nii,spmT_0004.nii,spmT_0005.nii,,,
18,DEV039,/Users/denicia/DEV/nonbids_data/fMRI/fx/models/WTP/all_waves/conditions/sub-DEV039/,"'/Users/denicia/DEV/nonbids_data/fMRI/fx/models/WTP/all_waves/conditions/sub-DEV039/,1'",,spmT_0001.nii,spmT_0002.nii,spmT_0003.nii,spmT_0004.nii,spmT_0005.nii,,,
19,DEV040,/Users/denicia/DEV/nonbids_data/fMRI/fx/models/WTP/all_waves/conditions/sub-DEV040/,"'/Users/denicia/DEV/nonbids_data/fMRI/fx/models/WTP/all_waves/conditions/sub-DEV040/,1'",,spmT_0001.nii,spmT_0002.nii,spmT_0003.nii,spmT_0004.nii,spmT_0005.nii,spmT_0006.nii,spmT_0007.nii,spmT_0008.nii
20,DEV041,/Users/denicia/DEV/nonbids_data/fMRI/fx/models/WTP/all_waves/conditions/sub-DEV041/,"'/Users/denicia/DEV/nonbids_data/fMRI/fx/models/WTP/all_waves/conditions/sub-DEV041/,1'",,spmT_0001.nii,spmT_0002.nii,spmT_0003.nii,spmT_0004.nii,spmT_0005.nii,spmT_0006.nii,spmT_0007.nii,spmT_0008.nii
21,DEV042,/Users/denicia/DEV/nonbids_data/fMRI/fx/models/WTP/all_waves/conditions/sub-DEV042/,"'/Users/denicia/DEV/nonbids_data/fMRI/fx/models/WTP/all_waves/conditions/sub-DEV042/,1'",,spmT_0001.nii,spmT_0002.nii,spmT_0003.nii,spmT_0004.nii,spmT_0005.nii,spmT_0006.nii,spmT_0007.nii,spmT_0008.nii
22,DEV043,/Users/denicia/DEV/nonbids_data/fMRI/fx/models/WTP/all_waves/conditions/sub-DEV043/,"'/Users/denicia/DEV/nonbids_data/fMRI/fx/models/WTP/all_waves/conditions/sub-DEV043/,1'",,spmT_0001.nii,spmT_0002.nii,spmT_0003.nii,spmT_0004.nii,spmT_0005.nii,spmT_0006.nii,spmT_0007.nii,spmT_0008.nii
23,DEV044,/Users/denicia/DEV/nonbids_data/fMRI/fx/models/WTP/all_waves/conditions/sub-DEV044/,"'/Users/denicia/DEV/nonbids_data/fMRI/fx/models/WTP/all_waves/conditions/sub-DEV044/,1'",,spmT_0001.nii,spmT_0002.nii,spmT_0003.nii,spmT_0004.nii,spmT_0005.nii,,,
24,DEV046,/Users/denicia/DEV/nonbids_data/fMRI/fx/models/WTP/all_waves/conditions/sub-DEV046/,"'/Users/denicia/DEV/nonbids_data/fMRI/fx/models/WTP/all_waves/conditions/sub-DEV046/,1'",,spmT_0001.nii,spmT_0002.nii,spmT_0003.nii,spmT_0004.nii,spmT_0005.nii,,,
25,DEV047,/Users/denicia/DEV/nonbids_data/fMRI/fx/models/WTP/all_waves/conditions/sub-DEV047/,"'/Users/denicia/DEV/nonbids_data/fMRI/fx/models/WTP/all_waves/conditions/sub-DEV047/,1'",,spmT_0001.nii,spmT_0002.nii,spmT_0003.nii,spmT_0004.nii,spmT_0005.nii,spmT_0006.nii,spmT_0007.nii,spmT_0008.nii
26,DEV048,/Users/denicia/DEV/nonbids_data/fMRI/fx/models/WTP/all_waves/conditions/sub-DEV048/,"'/Users/denicia/DEV/nonbids_data/fMRI/fx/models/WTP/all_waves/conditions/sub-DEV048/,1'",,spmT_0001.nii,spmT_0002.nii,spmT_0003.nii,spmT_0004.nii,spmT_0005.nii,spmT_0006.nii,spmT_0007.nii,spmT_0008.nii
27,DEV049,/Users/denicia/DEV/nonbids_data/fMRI/fx/models/WTP/all_waves/conditions/sub-DEV049/,"'/Users/denicia/DEV/nonbids_data/fMRI/fx/models/WTP/all_waves/conditions/sub-DEV049/,1'",,spmT_0001.nii,spmT_0002.nii,spmT_0003.nii,spmT_0004.nii,spmT_0005.nii,spmT_0006.nii,spmT_0007.nii,spmT_0008.nii
28,DEV050,/Users/denicia/DEV/nonbids_data/fMRI/fx/models/WTP/all_waves/conditions/sub-DEV050/,"'/Users/denicia/DEV/nonbids_data/fMRI/fx/models/WTP/all_waves/conditions/sub-DEV050/,1'",,spmT_0001.nii,spmT_0002.nii,spmT_0003.nii,spmT_0004.nii,spmT_0005.nii,,,
29,DEV051,/Users/denicia/DEV/nonbids_data/fMRI/fx/models/WTP/all_waves/conditions/sub-DEV051/,"'/Users/denicia/DEV/nonbids_data/fMRI/fx/models/WTP/all_waves/conditions/sub-DEV051/,1'",,spmT_0001.nii,spmT_0002.nii,spmT_0003.nii,spmT_0004.nii,spmT_0005.nii,,,
30,DEV052,/Users/denicia/DEV/nonbids_data/fMRI/fx/models/WTP/all_waves/conditions/sub-DEV052/,"'/Users/denicia/DEV/nonbids_data/fMRI/fx/models/WTP/all_waves/conditions/sub-DEV052/,1'",,spmT_0001.nii,spmT_0002.nii,spmT_0003.nii,spmT_0004.nii,spmT_0005.nii,,,
31,DEV053,/Users/denicia/DEV/nonbids_data/fMRI/fx/models/WTP/all_waves/conditions/sub-DEV053/,"'/Users/denicia/DEV/nonbids_data/fMRI/fx/models/WTP/all_waves/conditions/sub-DEV053/,1'",,spmT_0001.nii,spmT_0002.nii,spmT_0003.nii,spmT_0004.nii,spmT_0005.nii,,,
32,DEV054,/Users/denicia/DEV/nonbids_data/fMRI/fx/models/WTP/all_waves/conditions/sub-DEV054/,"'/Users/denicia/DEV/nonbids_data/fMRI/fx/models/WTP/all_waves/conditions/sub-DEV054/,1'",,spmT_0001.nii,spmT_0002.nii,spmT_0003.nii,spmT_0004.nii,spmT_0005.nii,,,
33,DEV055,/Users/denicia/DEV/nonbids_data/fMRI/fx/models/WTP/all_waves/conditions/sub-DEV055/,"'/Users/denicia/DEV/nonbids_data/fMRI/fx/models/WTP/all_waves/conditions/sub-DEV055/,1'",,spmT_0001.nii,spmT_0002.nii,spmT_0003.nii,spmT_0004.nii,spmT_0005.nii,spmT_0006.nii,spmT_0007.nii,spmT_0008.nii
34,DEV056,/Users/denicia/DEV/nonbids_data/fMRI/fx/models/WTP/all_waves/conditions/sub-DEV056/,"'/Users/denicia/DEV/nonbids_data/fMRI/fx/models/WTP/all_waves/conditions/sub-DEV056/,1'",,spmT_0001.nii,spmT_0002.nii,spmT_0003.nii,spmT_0004.nii,spmT_0005.nii,spmT_0006.nii,spmT_0007.nii,spmT_0008.nii
35,DEV057,/Users/denicia/DEV/nonbids_data/fMRI/fx/models/WTP/all_waves/conditions/sub-DEV057/,"'/Users/denicia/DEV/nonbids_data/fMRI/fx/models/WTP/all_waves/conditions/sub-DEV057/,1'",,spmT_0001.nii,spmT_0002.nii,spmT_0003.nii,spmT_0004.nii,spmT_0005.nii,,,
36,DEV058,/Users/denicia/DEV/nonbids_data/fMRI/fx/models/WTP/all_waves/conditions/sub-DEV058/,"'/Users/denicia/DEV/nonbids_data/fMRI/fx/models/WTP/all_waves/conditions/sub-DEV058/,1'",,spmT_0001.nii,spmT_0002.nii,spmT_0003.nii,spmT_0004.nii,spmT_0005.nii,,,
37,DEV059,/Users/denicia/DEV/nonbids_data/fMRI/fx/models/WTP/all_waves/conditions/sub-DEV059/,"'/Users/denicia/DEV/nonbids_data/fMRI/fx/models/WTP/all_waves/conditions/sub-DEV059/,1'",,spmT_0001.nii,spmT_0002.nii,spmT_0003.nii,spmT_0004.nii,spmT_0005.nii,,,
38,DEV060,/Users/denicia/DEV/nonbids_data/fMRI/fx/models/WTP/all_waves/conditions/sub-DEV060/,"'/Users/denicia/DEV/nonbids_data/fMRI/fx/models/WTP/all_waves/conditions/sub-DEV060/,1'",,spmT_0001.nii,spmT_0002.nii,spmT_0003.nii,spmT_0004.nii,spmT_0005.nii,spmT_0006.nii,spmT_0007.nii,spmT_0008.nii
39,DEV061,/Users/denicia/DEV/nonbids_data/fMRI/fx/models/WTP/all_waves/conditions/sub-DEV061/,"'/Users/denicia/DEV/nonbids_data/fMRI/fx/models/WTP/all_waves/conditions/sub-DEV061/,1'",,spmT_0001.nii,spmT_0002.nii,spmT_0003.nii,spmT_0004.nii,spmT_0005.nii,,,
40,DEV062,/Users/denicia/DEV/nonbids_data/fMRI/fx/models/WTP/all_waves/conditions/sub-DEV062/,"'/Users/denicia/DEV/nonbids_data/fMRI/fx/models/WTP/all_waves/conditions/sub-DEV062/,1'",,spmT_0001.nii,spmT_0002.nii,spmT_0003.nii,spmT_0004.nii,spmT_0005.nii,,,
41,DEV063,/Users/denicia/DEV/nonbids_data/fMRI/fx/models/WTP/all_waves/conditions/sub-DEV063/,"'/Users/denicia/DEV/nonbids_data/fMRI/fx/models/WTP/all_waves/conditions/sub-DEV063/,1'",,spmT_0001.nii,spmT_0002.nii,spmT_0003.nii,spmT_0004.nii,spmT_0005.nii,spmT_0006.nii,spmT_0007.nii,spmT_0008.nii
42,DEV065,/Users/denicia/DEV/nonbids_data/fMRI/fx/models/WTP/all_waves/conditions/sub-DEV065/,"'/Users/denicia/DEV/nonbids_data/fMRI/fx/models/WTP/all_waves/conditions/sub-DEV065/,1'",,spmT_0001.nii,spmT_0002.nii,spmT_0003.nii,spmT_0004.nii,spmT_0005.nii,,,
43,DEV066,/Users/denicia/DEV/nonbids_data/fMRI/fx/models/WTP/all_waves/conditions/sub-DEV066/,"'/Users/denicia/DEV/nonbids_data/fMRI/fx/models/WTP/all_waves/conditions/sub-DEV066/,1'",,spmT_0001.nii,spmT_0002.nii,spmT_0003.nii,spmT_0004.nii,spmT_0005.nii,spmT_0006.nii,spmT_0007.nii,spmT_0008.nii
44,DEV067,/Users/denicia/DEV/nonbids_data/fMRI/fx/models/WTP/all_waves/conditions/sub-DEV067/,"'/Users/denicia/DEV/nonbids_data/fMRI/fx/models/WTP/all_waves/conditions/sub-DEV067/,1'",,spmT_0001.nii,spmT_0002.nii,spmT_0003.nii,spmT_0004.nii,spmT_0005.nii,,,
45,DEV068,/Users/denicia/DEV/nonbids_data/fMRI/fx/models/WTP/all_waves/conditions/sub-DEV068/,"'/Users/denicia/DEV/nonbids_data/fMRI/fx/models/WTP/all_waves/conditions/sub-DEV068/,1'",,spmT_0001.nii,spmT_0002.nii,spmT_0003.nii,spmT_0004.nii,spmT_0005.nii,,,
46,DEV069,/Users/denicia/DEV/nonbids_data/fMRI/fx/models/WTP/all_waves/conditions/sub-DEV069/,"'/Users/denicia/DEV/nonbids_data/fMRI/fx/models/WTP/all_waves/conditions/sub-DEV069/,1'",,spmT_0001.nii,spmT_0002.nii,spmT_0003.nii,spmT_0004.nii,spmT_0005.nii,spmT_0006.nii,spmT_0007.nii,spmT_0008.nii
47,DEV070,/Users/denicia/DEV/nonbids_data/fMRI/fx/models/WTP/all_waves/conditions/sub-DEV070/,"'/Users/denicia/DEV/nonbids_data/fMRI/fx/models/WTP/all_waves/conditions/sub-DEV070/,1'",,spmT_0001.nii,spmT_0002.nii,spmT_0003.nii,spmT_0004.nii,spmT_0005.nii,,,
48,DEV071,/Users/denicia/DEV/nonbids_data/fMRI/fx/models/WTP/all_waves/conditions/sub-DEV071/,"'/Users/denicia/DEV/nonbids_data/fMRI/fx/models/WTP/all_waves/conditions/sub-DEV071/,1'",,spmT_0001.nii,spmT_0002.nii,spmT_0003.nii,spmT_0004.nii,spmT_0005.nii,,,
49,DEV073,/Users/denicia/DEV/nonbids_data/fMRI/fx/models/WTP/all_waves/conditions/sub-DEV073/,"'/Users/denicia/DEV/nonbids_data/fMRI/fx/models/WTP/all_waves/conditions/sub-DEV073/,1'",,spmT_0001.nii,spmT_0002.nii,spmT_0003.nii,spmT_0004.nii,spmT_0005.nii,,,
50,DEV074,/Users/denicia/DEV/nonbids_data/fMRI/fx/models/WTP/all_waves/conditions/sub-DEV074/,"'/Users/denicia/DEV/nonbids_data/fMRI/fx/models/WTP/all_waves/conditions/sub-DEV074/,1'",,spmT_0001.nii,spmT_0002.nii,spmT_0003.nii,spmT_0004.nii,spmT_0005.nii,,,
51,DEV075,/Users/denicia/DEV/nonbids_data/fMRI/fx/models/WTP/all_waves/conditions/sub-DEV075/,"'/Users/denicia/DEV/nonbids_data/fMRI/fx/models/WTP/all_waves/conditions/sub-DEV075/,1'",,spmT_0001.nii,spmT_0002.nii,spmT_0003.nii,spmT_0004.nii,spmT_0005.nii,spmT_0006.nii,spmT_0007.nii,spmT_0008.nii
52,DEV076,/Users/denicia/DEV/nonbids_data/fMRI/fx/models/WTP/all_waves/conditions/sub-DEV076/,"'/Users/denicia/DEV/nonbids_data/fMRI/fx/models/WTP/all_waves/conditions/sub-DEV076/,1'",,spmT_0001.nii,spmT_0002.nii,spmT_0003.nii,spmT_0004.nii,spmT_0005.nii,spmT_0006.nii,spmT_0007.nii,spmT_0008.nii
53,DEV079,/Users/denicia/DEV/nonbids_data/fMRI/fx/models/WTP/all_waves/conditions/sub-DEV079/,"'/Users/denicia/DEV/nonbids_data/fMRI/fx/models/WTP/all_waves/conditions/sub-DEV079/,1'",,spmT_0001.nii,spmT_0002.nii,spmT_0003.nii,spmT_0004.nii,spmT_0005.nii,,,
54,DEV081,/Users/denicia/DEV/nonbids_data/fMRI/fx/models/WTP/all_waves/conditions/sub-DEV081/,"'/Users/denicia/DEV/nonbids_data/fMRI/fx/models/WTP/all_waves/conditions/sub-DEV081/,1'",,spmT_0001.nii,spmT_0002.nii,spmT_0003.nii,spmT_0004.nii,spmT_0005.nii,,,
55,DEV083,/Users/denicia/DEV/nonbids_data/fMRI/fx/models/WTP/all_waves/conditions/sub-DEV083/,"'/Users/denicia/DEV/nonbids_data/fMRI/fx/models/WTP/all_waves/conditions/sub-DEV083/,1'",,spmT_0001.nii,spmT_0002.nii,spmT_0003.nii,spmT_0004.nii,spmT_0005.nii,,,
56,DEV084,/Users/denicia/DEV/nonbids_data/fMRI/fx/models/WTP/all_waves/conditions/sub-DEV084/,"'/Users/denicia/DEV/nonbids_data/fMRI/fx/models/WTP/all_waves/conditions/sub-DEV084/,1'",,spmT_0001.nii,spmT_0002.nii,spmT_0003.nii,spmT_0004.nii,spmT_0005.nii,,,
57,DEV086,/Users/denicia/DEV/nonbids_data/fMRI/fx/models/WTP/all_waves/conditions/sub-DEV086/,"'/Users/denicia/DEV/nonbids_data/fMRI/fx/models/WTP/all_waves/conditions/sub-DEV086/,1'",,spmT_0001.nii,spmT_0002.nii,spmT_0003.nii,spmT_0004.nii,spmT_0005.nii,spmT_0006.nii,spmT_0007.nii,spmT_0008.nii
58,DEV087,/Users/denicia/DEV/nonbids_data/fMRI/fx/models/WTP/all_waves/conditions/sub-DEV087/,"'/Users/denicia/DEV/nonbids_data/fMRI/fx/models/WTP/all_waves/conditions/sub-DEV087/,1'",,spmT_0001.nii,spmT_0002.nii,spmT_0003.nii,spmT_0004.nii,spmT_0005.nii,spmT_0006.nii,spmT_0007.nii,spmT_0008.nii
59,DEV088,/Users/denicia/DEV/nonbids_data/fMRI/fx/models/WTP/all_waves/conditions/sub-DEV088/,"'/Users/denicia/DEV/nonbids_data/fMRI/fx/models/WTP/all_waves/conditions/sub-DEV088/,1'",,spmT_0001.nii,spmT_0002.nii,spmT_0003.nii,spmT_0004.nii,spmT_0005.nii,spmT_0006.nii,spmT_0007.nii,spmT_0008.nii
60,DEV089,/Users/denicia/DEV/nonbids_data/fMRI/fx/models/WTP/all_waves/conditions/sub-DEV089/,"'/Users/denicia/DEV/nonbids_data/fMRI/fx/models/WTP/all_waves/conditions/sub-DEV089/,1'",,spmT_0001.nii,spmT_0002.nii,spmT_0003.nii,spmT_0004.nii,spmT_0005.nii,,,
61,DEV090,/Users/denicia/DEV/nonbids_data/fMRI/fx/models/WTP/all_waves/conditions/sub-DEV090/,"'/Users/denicia/DEV/nonbids_data/fMRI/fx/models/WTP/all_waves/conditions/sub-DEV090/,1'",,spmT_0001.nii,spmT_0002.nii,spmT_0003.nii,spmT_0004.nii,spmT_0005.nii,spmT_0006.nii,spmT_0007.nii,spmT_0008.nii
62,DEV091,/Users/denicia/DEV/nonbids_data/fMRI/fx/models/WTP/all_waves/conditions/sub-DEV091/,"'/Users/denicia/DEV/nonbids_data/fMRI/fx/models/WTP/all_waves/conditions/sub-DEV091/,1'",,spmT_0001.nii,spmT_0002.nii,spmT_0003.nii,spmT_0004.nii,spmT_0005.nii,,,
63,DEV093,/Users/denicia/DEV/nonbids_data/fMRI/fx/models/WTP/all_waves/conditions/sub-DEV093/,"'/Users/denicia/DEV/nonbids_data/fMRI/fx/models/WTP/all_waves/conditions/sub-DEV093/,1'",,spmT_0001.nii,spmT_0002.nii,spmT_0003.nii,spmT_0004.nii,spmT_0005.nii,,,
64,DEV094,/Users/denicia/DEV/nonbids_data/fMRI/fx/models/WTP/all_waves/conditions/sub-DEV094/,"'/Users/denicia/DEV/nonbids_data/fMRI/fx/models/WTP/all_waves/conditions/sub-DEV094/,1'",,spmT_0001.nii,spmT_0002.nii,spmT_0003.nii,spmT_0004.nii,spmT_0005.nii,,,
65,DEV096,/Users/denicia/DEV/nonbids_data/fMRI/fx/models/WTP/all_waves/conditions/sub-DEV096/,"'/Users/denicia/DEV/nonbids_data/fMRI/fx/models/WTP/all_waves/conditions/sub-DEV096/,1'",,spmT_0001.nii,spmT_0002.nii,spmT_0003.nii,spmT_0004.nii,spmT_0005.nii,,,
66,DEV097,/Users/denicia/DEV/nonbids_data/fMRI/fx/models/WTP/all_waves/conditions/sub-DEV097/,"'/Users/denicia/DEV/nonbids_data/fMRI/fx/models/WTP/all_waves/conditions/sub-DEV097/,1'",,spmT_0001.nii,spmT_0002.nii,spmT_0003.nii,spmT_0004.nii,spmT_0005.nii,,,
67,DEV099,/Users/denicia/DEV/nonbids_data/fMRI/fx/models/WTP/all_waves/conditions/sub-DEV099/,"'/Users/denicia/DEV/nonbids_data/fMRI/fx/models/WTP/all_waves/conditions/sub-DEV099/,1'",,spmT_0001.nii,spmT_0002.nii,spmT_0003.nii,spmT_0004.nii,spmT_0005.nii,spmT_0006.nii,spmT_0007.nii,spmT_0008.nii
68,DEV100,/Users/denicia/DEV/nonbids_data/fMRI/fx/models/WTP/all_waves/conditions/sub-DEV100/,"'/Users/denicia/DEV/nonbids_data/fMRI/fx/models/WTP/all_waves/conditions/sub-DEV100/,1'",,spmT_0001.nii,spmT_0002.nii,spmT_0003.nii,spmT_0004.nii,spmT_0005.nii,spmT_0006.nii,spmT_0007.nii,spmT_0008.nii
69,DEV101,/Users/denicia/DEV/nonbids_data/fMRI/fx/models/WTP/all_waves/conditions/sub-DEV101/,"'/Users/denicia/DEV/nonbids_data/fMRI/fx/models/WTP/all_waves/conditions/sub-DEV101/,1'",,spmT_0001.nii,spmT_0002.nii,spmT_0003.nii,spmT_0004.nii,spmT_0005.nii,spmT_0006.nii,spmT_0007.nii,spmT_0008.nii
70,DEV102,/Users/denicia/DEV/nonbids_data/fMRI/fx/models/WTP/all_waves/conditions/sub-DEV102/,"'/Users/denicia/DEV/nonbids_data/fMRI/fx/models/WTP/all_waves/conditions/sub-DEV102/,1'",,spmT_0001.nii,spmT_0002.nii,spmT_0003.nii,spmT_0004.nii,spmT_0005.nii,,,
71,DEV103,/Users/denicia/DEV/nonbids_data/fMRI/fx/models/WTP/all_waves/conditions/sub-DEV103/,"'/Users/denicia/DEV/nonbids_data/fMRI/fx/models/WTP/all_waves/conditions/sub-DEV103/,1'",,spmT_0001.nii,spmT_0002.nii,spmT_0003.nii,spmT_0004.nii,spmT_0005.nii,,,
72,DEV104,/Users/denicia/DEV/nonbids_data/fMRI/fx/models/WTP/all_waves/conditions/sub-DEV104/,"'/Users/denicia/DEV/nonbids_data/fMRI/fx/models/WTP/all_waves/conditions/sub-DEV104/,1'",,spmT_0001.nii,spmT_0002.nii,spmT_0003.nii,spmT_0004.nii,spmT_0005.nii,,,
73,DEV107,/Users/denicia/DEV/nonbids_data/fMRI/fx/models/WTP/all_waves/conditions/sub-DEV107/,"'/Users/denicia/DEV/nonbids_data/fMRI/fx/models/WTP/all_waves/conditions/sub-DEV107/,1'",,spmT_0001.nii,spmT_0002.nii,spmT_0003.nii,spmT_0004.nii,spmT_0005.nii,,,
74,DEV108,/Users/denicia/DEV/nonbids_data/fMRI/fx/models/WTP/all_waves/conditions/sub-DEV108/,"'/Users/denicia/DEV/nonbids_data/fMRI/fx/models/WTP/all_waves/conditions/sub-DEV108/,1'",,spmT_0001.nii,spmT_0002.nii,spmT_0003.nii,spmT_0004.nii,spmT_0005.nii,,,
75,DEV109,/Users/denicia/DEV/nonbids_data/fMRI/fx/models/WTP/all_waves/conditions/sub-DEV109/,"'/Users/denicia/DEV/nonbids_data/fMRI/fx/models/WTP/all_waves/conditions/sub-DEV109/,1'",,spmT_0001.nii,spmT_0002.nii,spmT_0003.nii,spmT_0004.nii,spmT_0005.nii,,,
76,DEV110,/Users/denicia/DEV/nonbids_data/fMRI/fx/models/WTP/all_waves/conditions/sub-DEV110/,"'/Users/denicia/DEV/nonbids_data/fMRI/fx/models/WTP/all_waves/conditions/sub-DEV110/,1'",,spmT_0001.nii,spmT_0002.nii,spmT_0003.nii,spmT_0004.nii,spmT_0005.nii,spmT_0006.nii,spmT_0007.nii,spmT_0008.nii
77,DEV112,/Users/denicia/DEV/nonbids_data/fMRI/fx/models/WTP/all_waves/conditions/sub-DEV112/,"'/Users/denicia/DEV/nonbids_data/fMRI/fx/models/WTP/all_waves/conditions/sub-DEV112/,1'",,spmT_0001.nii,spmT_0002.nii,spmT_0003.nii,spmT_0004.nii,spmT_0005.nii,,,
78,DEV113,/Users/denicia/DEV/nonbids_data/fMRI/fx/models/WTP/all_waves/conditions/sub-DEV113/,"'/Users/denicia/DEV/nonbids_data/fMRI/fx/models/WTP/all_waves/conditions/sub-DEV113/,1'",,spmT_0001.nii,spmT_0002.nii,spmT_0003.nii,spmT_0004.nii,spmT_0005.nii,,,
79,DEV115,/Users/denicia/DEV/nonbids_data/fMRI/fx/models/WTP/all_waves/conditions/sub-DEV115/,"'/Users/denicia/DEV/nonbids_data/fMRI/fx/models/WTP/all_waves/conditions/sub-DEV115/,1'",,spmT_0001.nii,spmT_0002.nii,spmT_0003.nii,spmT_0004.nii,spmT_0005.nii,,,
80,DEV116,/Users/denicia/DEV/nonbids_data/fMRI/fx/models/WTP/all_waves/conditions/sub-DEV116/,"'/Users/denicia/DEV/nonbids_data/fMRI/fx/models/WTP/all_waves/conditions/sub-DEV116/,1'",,spmT_0001.nii,spmT_0002.nii,spmT_0003.nii,spmT_0004.nii,spmT_0005.nii,spmT_0006.nii,spmT_0007.nii,spmT_0008.nii
81,DEV119,/Users/denicia/DEV/nonbids_data/fMRI/fx/models/WTP/all_waves/conditions/sub-DEV119/,"'/Users/denicia/DEV/nonbids_data/fMRI/fx/models/WTP/all_waves/conditions/sub-DEV119/,1'",,spmT_0001.nii,spmT_0002.nii,spmT_0003.nii,spmT_0004.nii,spmT_0005.nii,,,
82,DEV120,/Users/denicia/DEV/nonbids_data/fMRI/fx/models/WTP/all_waves/conditions/sub-DEV120/,"'/Users/denicia/DEV/nonbids_data/fMRI/fx/models/WTP/all_waves/conditions/sub-DEV120/,1'",,spmT_0001.nii,spmT_0002.nii,spmT_0003.nii,spmT_0004.nii,spmT_0005.nii,spmT_0006.nii,spmT_0007.nii,spmT_0008.nii
83,DEV121,/Users/denicia/DEV/nonbids_data/fMRI/fx/models/WTP/all_waves/conditions/sub-DEV121/,"'/Users/denicia/DEV/nonbids_data/fMRI/fx/models/WTP/all_waves/conditions/sub-DEV121/,1'",,spmT_0001.nii,spmT_0002.nii,spmT_0003.nii,spmT_0004.nii,spmT_0005.nii,spmT_0006.nii,spmT_0007.nii,spmT_0008.nii
84,DEV122,/Users/denicia/DEV/nonbids_data/fMRI/fx/models/WTP/all_waves/conditions/sub-DEV122/,"'/Users/denicia/DEV/nonbids_data/fMRI/fx/models/WTP/all_waves/conditions/sub-DEV122/,1'",,spmT_0001.nii,spmT_0002.nii,spmT_0003.nii,spmT_0004.nii,spmT_0005.nii,spmT_0006.nii,spmT_0007.nii,spmT_0008.nii
85,DEV124,/Users/denicia/DEV/nonbids_data/fMRI/fx/models/WTP/all_waves/conditions/sub-DEV124/,"'/Users/denicia/DEV/nonbids_data/fMRI/fx/models/WTP/all_waves/conditions/sub-DEV124/,1'",,spmT_0001.nii,spmT_0002.nii,spmT_0003.nii,spmT_0004.nii,spmT_0005.nii,,,
86,DEV126,/Users/denicia/DEV/nonbids_data/fMRI/fx/models/WTP/all_waves/conditions/sub-DEV126/,"'/Users/denicia/DEV/nonbids_data/fMRI/fx/models/WTP/all_waves/conditions/sub-DEV126/,1'",,spmT_0001.nii,spmT_0002.nii,spmT_0003.nii,spmT_0004.nii,spmT_0005.nii,spmT_0006.nii,spmT_0007.nii,spmT_0008.nii
87,DEV127,/Users/denicia/DEV/nonbids_data/fMRI/fx/models/WTP/all_waves/conditions/sub-DEV127/,"'/Users/denicia/DEV/nonbids_data/fMRI/fx/models/WTP/all_waves/conditions/sub-DEV127/,1'",,spmT_0001.nii,spmT_0002.nii,spmT_0003.nii,spmT_0004.nii,spmT_0005.nii,spmT_0006.nii,spmT_0007.nii,spmT_0008.nii
88,DEV128,/Users/denicia/DEV/nonbids_data/fMRI/fx/models/WTP/all_waves/conditions/sub-DEV128/,"'/Users/denicia/DEV/nonbids_data/fMRI/fx/models/WTP/all_waves/conditions/sub-DEV128/,1'",,spmT_0001.nii,spmT_0002.nii,spmT_0003.nii,spmT_0004.nii,spmT_0005.nii,,,
89,DEV129,/Users/denicia/DEV/nonbids_data/fMRI/fx/models/WTP/all_waves/conditions/sub-DEV129/,"'/Users/denicia/DEV/nonbids_data/fMRI/fx/models/WTP/all_waves/conditions/sub-DEV129/,1'",,spmT_0001.nii,spmT_0002.nii,spmT_0003.nii,spmT_0004.nii,spmT_0005.nii,,,
90,DEV130,/Users/denicia/DEV/nonbids_data/fMRI/fx/models/WTP/all_waves/conditions/sub-DEV130/,"'/Users/denicia/DEV/nonbids_data/fMRI/fx/models/WTP/all_waves/conditions/sub-DEV130/,1'",,spmT_0001.nii,spmT_0002.nii,spmT_0003.nii,spmT_0004.nii,spmT_0005.nii,,,
91,DEV132,/Users/denicia/DEV/nonbids_data/fMRI/fx/models/WTP/all_waves/conditions/sub-DEV132/,"'/Users/denicia/DEV/nonbids_data/fMRI/fx/models/WTP/all_waves/conditions/sub-DEV132/,1'",,spmT_0001.nii,spmT_0002.nii,spmT_0003.nii,spmT_0004.nii,spmT_0005.nii,spmT_0006.nii,spmT_0007.nii,spmT_0008.nii
92,DEV133,/Users/denicia/DEV/nonbids_data/fMRI/fx/models/WTP/all_waves/conditions/sub-DEV133/,"'/Users/denicia/DEV/nonbids_data/fMRI/fx/models/WTP/all_waves/conditions/sub-DEV133/,1'",,spmT_0001.nii,spmT_0002.nii,spmT_0003.nii,spmT_0004.nii,spmT_0005.nii,,,
93,DEV134,/Users/denicia/DEV/nonbids_data/fMRI/fx/models/WTP/all_waves/conditions/sub-DEV134/,"'/Users/denicia/DEV/nonbids_data/fMRI/fx/models/WTP/all_waves/conditions/sub-DEV134/,1'",,spmT_0001.nii,spmT_0002.nii,spmT_0003.nii,spmT_0004.nii,spmT_0005.nii,,,
94,DEV135,/Users/denicia/DEV/nonbids_data/fMRI/fx/models/WTP/all_waves/conditions/sub-DEV135/,"'/Users/denicia/DEV/nonbids_data/fMRI/fx/models/WTP/all_waves/conditions/sub-DEV135/,1'",,spmT_0001.nii,spmT_0002.nii,spmT_0003.nii,spmT_0004.nii,spmT_0005.nii,,,
95,DEV138,/Users/denicia/DEV/nonbids_data/fMRI/fx/models/WTP/all_waves/conditions/sub-DEV138/,"'/Users/denicia/DEV/nonbids_data/fMRI/fx/models/WTP/all_waves/conditions/sub-DEV138/,1'",,spmT_0001.nii,spmT_0002.nii,spmT_0003.nii,spmT_0004.nii,spmT_0005.nii,spmT_0006.nii,spmT_0007.nii,spmT_0008.nii
96,DEV139,/Users/denicia/DEV/nonbids_data/fMRI/fx/models/WTP/all_waves/conditions/sub-DEV139/,"'/Users/denicia/DEV/nonbids_data/fMRI/fx/models/WTP/all_waves/conditions/sub-DEV139/,1'",,spmT_0001.nii,spmT_0002.nii,spmT_0003.nii,spmT_0004.nii,spmT_0005.nii,,,
97,DEV140,/Users/denicia/DEV/nonbids_data/fMRI/fx/models/WTP/all_waves/conditions/sub-DEV140/,"'/Users/denicia/DEV/nonbids_data/fMRI/fx/models/WTP/all_waves/conditions/sub-DEV140/,1'",,spmT_0001.nii,spmT_0002.nii,spmT_0003.nii,spmT_0004.nii,spmT_0005.nii,,,
98,DEV141,/Users/denicia/DEV/nonbids_data/fMRI/fx/models/WTP/all_waves/conditions/sub-DEV141/,"'/Users/denicia/DEV/nonbids_data/fMRI/fx/models/WTP/all_waves/conditions/sub-DEV141/,1'",,spmT_0001.nii,spmT_0002.nii,spmT_0003.nii,spmT_0004.nii,spmT_0005.nii,,,
99,DEV144,/Users/denicia/DEV/nonbids_data/fMRI/fx/models/WTP/all_waves/conditions/sub-DEV144/,"'/Users/denicia/DEV/nonbids_data/fMRI/fx/models/WTP/all_waves/conditions/sub-DEV144/,1'",,spmT_0001.nii,spmT_0002.nii,spmT_0003.nii,spmT_0004.nii,spmT_0005.nii,,,
100,DEV145,/Users/denicia/DEV/nonbids_data/fMRI/fx/models/WTP/all_waves/conditions/sub-DEV145/,"'/Users/denicia/DEV/nonbids_data/fMRI/fx/models/WTP/all_waves/conditions/sub-DEV145/,1'",,spmT_0001.nii,spmT_0002.nii,spmT_0003.nii,spmT_0004.nii,spmT_0005.nii,spmT_0006.nii,spmT_0007.nii,spmT_0008.nii
101,DEV147,/Users/denicia/DEV/nonbids_data/fMRI/fx/models/WTP/all_waves/conditions/sub-DEV147/,"'/Users/denicia/DEV/nonbids_data/fMRI/fx/models/WTP/all_waves/conditions/sub-DEV147/,1'",,spmT_0001.nii,spmT_0002.nii,spmT_0003.nii,spmT_0004.nii,spmT_0005.nii,,,
102,DEV149,/Users/denicia/DEV/nonbids_data/fMRI/fx/models/WTP/all_waves/conditions/sub-DEV149/,"'/Users/denicia/DEV/nonbids_data/fMRI/fx/models/WTP/all_waves/conditions/sub-DEV149/,1'",,spmT_0001.nii,spmT_0002.nii,spmT_0003.nii,spmT_0004.nii,spmT_0005.nii,spmT_0006.nii,spmT_0007.nii,spmT_0008.nii
103,DEV150,/Users/denicia/DEV/nonbids_data/fMRI/fx/models/WTP/all_waves/conditions/sub-DEV150/,"'/Users/denicia/DEV/nonbids_data/fMRI/fx/models/WTP/all_waves/conditions/sub-DEV150/,1'",,spmT_0001.nii,spmT_0002.nii,spmT_0003.nii,spmT_0004.nii,spmT_0005.nii,,,
104,DEV151,/Users/denicia/DEV/nonbids_data/fMRI/fx/models/WTP/all_waves/conditions/sub-DEV151/,"'/Users/denicia/DEV/nonbids_data/fMRI/fx/models/WTP/all_waves/conditions/sub-DEV151/,1'",,spmT_0001.nii,spmT_0002.nii,spmT_0003.nii,spmT_0004.nii,spmT_0005.nii,spmT_0006.nii,spmT_0007.nii,spmT_0008.nii
105,DEV153,/Users/denicia/DEV/nonbids_data/fMRI/fx/models/WTP/all_waves/conditions/sub-DEV153/,"'/Users/denicia/DEV/nonbids_data/fMRI/fx/models/WTP/all_waves/conditions/sub-DEV153/,1'",,spmT_0001.nii,spmT_0002.nii,spmT_0003.nii,spmT_0004.nii,spmT_0005.nii,,,
106,DEV154,/Users/denicia/DEV/nonbids_data/fMRI/fx/models/WTP/all_waves/conditions/sub-DEV154/,"'/Users/denicia/DEV/nonbids_data/fMRI/fx/models/WTP/all_waves/conditions/sub-DEV154/,1'",,spmT_0001.nii,spmT_0002.nii,spmT_0003.nii,spmT_0004.nii,spmT_0005.nii,,,
107,DEV155,/Users/denicia/DEV/nonbids_data/fMRI/fx/models/WTP/all_waves/conditions/sub-DEV155/,"'/Users/denicia/DEV/nonbids_data/fMRI/fx/models/WTP/all_waves/conditions/sub-DEV155/,1'",,spmT_0001.nii,spmT_0002.nii,spmT_0003.nii,spmT_0004.nii,spmT_0005.nii,,,
108,DEV156,/Users/denicia/DEV/nonbids_data/fMRI/fx/models/WTP/all_waves/conditions/sub-DEV156/,"'/Users/denicia/DEV/nonbids_data/fMRI/fx/models/WTP/all_waves/conditions/sub-DEV156/,1'",,spmT_0001.nii,spmT_0002.nii,spmT_0003.nii,spmT_0004.nii,spmT_0005.nii,,,
109,DEV157,/Users/denicia/DEV/nonbids_data/fMRI/fx/models/WTP/all_waves/conditions/sub-DEV157/,"'/Users/denicia/DEV/nonbids_data/fMRI/fx/models/WTP/all_waves/conditions/sub-DEV157/,1'",,spmT_0001.nii,spmT_0002.nii,spmT_0003.nii,spmT_0004.nii,spmT_0005.nii,,,
110,DEV158,/Users/denicia/DEV/nonbids_data/fMRI/fx/models/WTP/all_waves/conditions/sub-DEV158/,"'/Users/denicia/DEV/nonbids_data/fMRI/fx/models/WTP/all_waves/conditions/sub-DEV158/,1'",,spmT_0001.nii,spmT_0002.nii,spmT_0003.nii,spmT_0004.nii,spmT_0005.nii,spmT_0006.nii,spmT_0007.nii,spmT_0008.nii
111,DEV159,/Users/denicia/DEV/nonbids_data/fMRI/fx/models/WTP/all_waves/conditions/sub-DEV159/,"'/Users/denicia/DEV/nonbids_data/fMRI/fx/models/WTP/all_waves/conditions/sub-DEV159/,1'",,spmT_0001.nii,spmT_0002.nii,spmT_0003.nii,spmT_0004.nii,spmT_0005.nii,,,
112,DEV161,/Users/denicia/DEV/nonbids_data/fMRI/fx/models/WTP/all_waves/conditions/sub-DEV161/,"'/Users/denicia/DEV/nonbids_data/fMRI/fx/models/WTP/all_waves/conditions/sub-DEV161/,1'",,spmT_0001.nii,spmT_0002.nii,spmT_0003.nii,spmT_0004.nii,spmT_0005.nii,,,
113,DEV164,/Users/denicia/DEV/nonbids_data/fMRI/fx/models/WTP/all_waves/conditions/sub-DEV164/,"'/Users/denicia/DEV/nonbids_data/fMRI/fx/models/WTP/all_waves/conditions/sub-DEV164/,1'",,spmT_0001.nii,spmT_0002.nii,spmT_0003.nii,spmT_0004.nii,spmT_0005.nii,,,
114,DEV167,/Users/denicia/DEV/nonbids_data/fMRI/fx/models/WTP/all_waves/conditions/sub-DEV167/,"'/Users/denicia/DEV/nonbids_data/fMRI/fx/models/WTP/all_waves/conditions/sub-DEV167/,1'",,spmT_0001.nii,spmT_0002.nii,spmT_0003.nii,spmT_0004.nii,spmT_0005.nii,,,
115,DEV179,/Users/denicia/DEV/nonbids_data/fMRI/fx/models/WTP/all_waves/conditions/sub-DEV179/,"'/Users/denicia/DEV/nonbids_data/fMRI/fx/models/WTP/all_waves/conditions/sub-DEV179/,1'",,spmT_0001.nii,spmT_0002.nii,spmT_0003.nii,spmT_0004.nii,spmT_0005.nii,,,
116,DEV180,/Users/denicia/DEV/nonbids_data/fMRI/fx/models/WTP/all_waves/conditions/sub-DEV180/,"'/Users/denicia/DEV/nonbids_data/fMRI/fx/models/WTP/all_waves/conditions/sub-DEV180/,1'",,spmT_0001.nii,spmT_0002.nii,spmT_0003.nii,spmT_0004.nii,spmT_0005.nii,spmT_0006.nii,spmT_0007.nii,spmT_0008.nii
117,DEV182,/Users/denicia/DEV/nonbids_data/fMRI/fx/models/WTP/all_waves/conditions/sub-DEV182/,"'/Users/denicia/DEV/nonbids_data/fMRI/fx/models/WTP/all_waves/conditions/sub-DEV182/,1'",,spmT_0001.nii,spmT_0002.nii,spmT_0003.nii,spmT_0004.nii,spmT_0005.nii,,,
118,DEV186,/Users/denicia/DEV/nonbids_data/fMRI/fx/models/WTP/all_waves/conditions/sub-DEV186/,"'/Users/denicia/DEV/nonbids_data/fMRI/fx/models/WTP/all_waves/conditions/sub-DEV186/,1'",,spmT_0001.nii,spmT_0002.nii,spmT_0003.nii,spmT_0004.nii,spmT_0005.nii,,,
119,DEV187,/Users/denicia/DEV/nonbids_data/fMRI/fx/models/WTP/all_waves/conditions/sub-DEV187/,"'/Users/denicia/DEV/nonbids_data/fMRI/fx/models/WTP/all_waves/conditions/sub-DEV187/,1'",,spmT_0001.nii,spmT_0002.nii,spmT_0003.nii,spmT_0004.nii,spmT_0005.nii,,,
120,DEV189,/Users/denicia/DEV/nonbids_data/fMRI/fx/models/WTP/all_waves/conditions/sub-DEV189/,"'/Users/denicia/DEV/nonbids_data/fMRI/fx/models/WTP/all_waves/conditions/sub-DEV189/,1'",,spmT_0001.nii,spmT_0002.nii,spmT_0003.nii,spmT_0004.nii,spmT_0005.nii,spmT_0006.nii,spmT_0007.nii,spmT_0008.nii
121,DEV190,/Users/denicia/DEV/nonbids_data/fMRI/fx/models/WTP/all_waves/conditions/sub-DEV190/,"'/Users/denicia/DEV/nonbids_data/fMRI/fx/models/WTP/all_waves/conditions/sub-DEV190/,1'",,spmT_0001.nii,spmT_0002.nii,spmT_0003.nii,spmT_0004.nii,spmT_0005.nii,spmT_0006.nii,spmT_0007.nii,spmT_0008.nii
122,DEV191,/Users/denicia/DEV/nonbids_data/fMRI/fx/models/WTP/all_waves/conditions/sub-DEV191/,"'/Users/denicia/DEV/nonbids_data/fMRI/fx/models/WTP/all_waves/conditions/sub-DEV191/,1'",,spmT_0001.nii,spmT_0002.nii,spmT_0003.nii,spmT_0004.nii,spmT_0005.nii,spmT_0006.nii,spmT_0007.nii,spmT_0008.nii
123,DEV192,/Users/denicia/DEV/nonbids_data/fMRI/fx/models/WTP/all_waves/conditions/sub-DEV192/,"'/Users/denicia/DEV/nonbids_data/fMRI/fx/models/WTP/all_waves/conditions/sub-DEV192/,1'",,spmT_0001.nii,spmT_0002.nii,spmT_0003.nii,spmT_0004.nii,spmT_0005.nii,,,
124,DEV193,/Users/denicia/DEV/nonbids_data/fMRI/fx/models/WTP/all_waves/conditions/sub-DEV193/,"'/Users/denicia/DEV/nonbids_data/fMRI/fx/models/WTP/all_waves/conditions/sub-DEV193/,1'",,spmT_0001.nii,spmT_0002.nii,spmT_0003.nii,spmT_0004.nii,spmT_0005.nii,,,
125,DEV197,/Users/denicia/DEV/nonbids_data/fMRI/fx/models/WTP/all_waves/conditions/sub-DEV197/,"'/Users/denicia/DEV/nonbids_data/fMRI/fx/models/WTP/all_waves/conditions/sub-DEV197/,1'",,spmT_0001.nii,spmT_0002.nii,spmT_0003.nii,spmT_0004.nii,spmT_0005.nii,,,
126,DEV198,/Users/denicia/DEV/nonbids_data/fMRI/fx/models/WTP/all_waves/conditions/sub-DEV198/,"'/Users/denicia/DEV/nonbids_data/fMRI/fx/models/WTP/all_waves/conditions/sub-DEV198/,1'",,spmT_0001.nii,spmT_0002.nii,spmT_0003.nii,spmT_0004.nii,spmT_0005.nii,spmT_0006.nii,spmT_0007.nii,spmT_0008.nii
127,DEV199,/Users/denicia/DEV/nonbids_data/fMRI/fx/models/WTP/all_waves/conditions/sub-DEV199/,"'/Users/denicia/DEV/nonbids_data/fMRI/fx/models/WTP/all_waves/conditions/sub-DEV199/,1'",,spmT_0001.nii,spmT_0002.nii,spmT_0003.nii,spmT_0004.nii,spmT_0005.nii,,,
128,DEV201,/Users/denicia/DEV/nonbids_data/fMRI/fx/models/WTP/all_waves/conditions/sub-DEV201/,"'/Users/denicia/DEV/nonbids_data/fMRI/fx/models/WTP/all_waves/conditions/sub-DEV201/,1'",,spmT_0001.nii,spmT_0002.nii,spmT_0003.nii,spmT_0004.nii,spmT_0005.nii,spmT_0006.nii,spmT_0007.nii,spmT_0008.nii
129,DEV203,/Users/denicia/DEV/nonbids_data/fMRI/fx/models/WTP/all_waves/conditions/sub-DEV203/,"'/Users/denicia/DEV/nonbids_data/fMRI/fx/models/WTP/all_waves/conditions/sub-DEV203/,1'",,spmT_0001.nii,spmT_0002.nii,spmT_0003.nii,spmT_0004.nii,spmT_0005.nii,spmT_0006.nii,spmT_0007.nii,spmT_0008.nii
130,DEV206,/Users/denicia/DEV/nonbids_data/fMRI/fx/models/WTP/all_waves/conditions/sub-DEV206/,"'/Users/denicia/DEV/nonbids_data/fMRI/fx/models/WTP/all_waves/conditions/sub-DEV206/,1'",,spmT_0001.nii,spmT_0002.nii,spmT_0003.nii,spmT_0004.nii,spmT_0005.nii,,,
131,DEV208,/Users/denicia/DEV/nonbids_data/fMRI/fx/models/WTP/all_waves/conditions/sub-DEV208/,"'/Users/denicia/DEV/nonbids_data/fMRI/fx/models/WTP/all_waves/conditions/sub-DEV208/,1'",,spmT_0001.nii,spmT_0002.nii,spmT_0003.nii,spmT_0004.nii,spmT_0005.nii,spmT_0006.nii,spmT_0007.nii,spmT_0008.nii
132,DEV209,/Users/denicia/DEV/nonbids_data/fMRI/fx/models/WTP/all_waves/conditions/sub-DEV209/,"'/Users/denicia/DEV/nonbids_data/fMRI/fx/models/WTP/all_waves/conditions/sub-DEV209/,1'",,spmT_0001.nii,spmT_0002.nii,spmT_0003.nii,spmT_0004.nii,spmT_0005.nii,,,
133,DEV210,/Users/denicia/DEV/nonbids_data/fMRI/fx/models/WTP/all_waves/conditions/sub-DEV210/,"'/Users/denicia/DEV/nonbids_data/fMRI/fx/models/WTP/all_waves/conditions/sub-DEV210/,1'",,spmT_0001.nii,spmT_0002.nii,spmT_0003.nii,spmT_0004.nii,spmT_0005.nii,,,
134,DEV215,/Users/denicia/DEV/nonbids_data/fMRI/fx/models/WTP/all_waves/conditions/sub-DEV215/,"'/Users/denicia/DEV/nonbids_data/fMRI/fx/models/WTP/all_waves/conditions/sub-DEV215/,1'",,spmT_0001.nii,spmT_0002.nii,spmT_0003.nii,spmT_0004.nii,spmT_0005.nii,,,
135,DEV220,/Users/denicia/DEV/nonbids_data/fMRI/fx/models/WTP/all_waves/conditions/sub-DEV220/,"'/Users/denicia/DEV/nonbids_data/fMRI/fx/models/WTP/all_waves/conditions/sub-DEV220/,1'",,spmT_0001.nii,spmT_0002.nii,spmT_0003.nii,spmT_0004.nii,spmT_0005.nii,,,
136,DEV224,/Users/denicia/DEV/nonbids_data/fMRI/fx/models/WTP/all_waves/conditions/sub-DEV224/,"'/Users/denicia/DEV/nonbids_data/fMRI/fx/models/WTP/all_waves/conditions/sub-DEV224/,1'",,spmT_0001.nii,spmT_0002.nii,spmT_0003.nii,spmT_0004.nii,spmT_0005.nii,,,
137,DEV225,/Users/denicia/DEV/nonbids_data/fMRI/fx/models/WTP/all_waves/conditions/sub-DEV225/,"'/Users/denicia/DEV/nonbids_data/fMRI/fx/models/WTP/all_waves/conditions/sub-DEV225/,1'",,spmT_0001.nii,spmT_0002.nii,spmT_0003.nii,spmT_0004.nii,spmT_0005.nii,,,
138,DEV228,/Users/denicia/DEV/nonbids_data/fMRI/fx/models/WTP/all_waves/conditions/sub-DEV228/,"'/Users/denicia/DEV/nonbids_data/fMRI/fx/models/WTP/all_waves/conditions/sub-DEV228/,1'",,spmT_0001.nii,spmT_0002.nii,spmT_0003.nii,spmT_0004.nii,spmT_0005.nii,,,
139,DEV230,/Users/denicia/DEV/nonbids_data/fMRI/fx/models/WTP/all_waves/conditions/sub-DEV230/,"'/Users/denicia/DEV/nonbids_data/fMRI/fx/models/WTP/all_waves/conditions/sub-DEV230/,1'",,spmT_0001.nii,spmT_0002.nii,spmT_0003.nii,spmT_0004.nii,spmT_0005.nii,,,
140,DEV231,/Users/denicia/DEV/nonbids_data/fMRI/fx/models/WTP/all_waves/conditions/sub-DEV231/,"'/Users/denicia/DEV/nonbids_data/fMRI/fx/models/WTP/all_waves/conditions/sub-DEV231/,1'",,spmT_0001.nii,spmT_0002.nii,spmT_0003.nii,spmT_0004.nii,spmT_0005.nii,,,
141,DEV232,/Users/denicia/DEV/nonbids_data/fMRI/fx/models/WTP/all_waves/conditions/sub-DEV232/,"'/Users/denicia/DEV/nonbids_data/fMRI/fx/models/WTP/all_waves/conditions/sub-DEV232/,1'",,spmT_0001.nii,spmT_0002.nii,spmT_0003.nii,spmT_0004.nii,spmT_0005.nii,,,
142,DEV233,/Users/denicia/DEV/nonbids_data/fMRI/fx/models/WTP/all_waves/conditions/sub-DEV233/,"'/Users/denicia/DEV/nonbids_data/fMRI/fx/models/WTP/all_waves/conditions/sub-DEV233/,1'",,spmT_0001.nii,spmT_0002.nii,spmT_0003.nii,spmT_0004.nii,spmT_0005.nii,,,
143,DEV235,/Users/denicia/DEV/nonbids_data/fMRI/fx/models/WTP/all_waves/conditions/sub-DEV235/,"'/Users/denicia/DEV/nonbids_data/fMRI/fx/models/WTP/all_waves/conditions/sub-DEV235/,1'",,spmT_0001.nii,spmT_0002.nii,spmT_0003.nii,spmT_0004.nii,spmT_0005.nii,spmT_0006.nii,spmT_0007.nii,spmT_0008.nii
144,DEV236,/Users/denicia/DEV/nonbids_data/fMRI/fx/models/WTP/all_waves/conditions/sub-DEV236/,"'/Users/denicia/DEV/nonbids_data/fMRI/fx/models/WTP/all_waves/conditions/sub-DEV236/,1'",,spmT_0001.nii,spmT_0002.nii,spmT_0003.nii,spmT_0004.nii,spmT_0005.nii,,,
145,DEV238,/Users/denicia/DEV/nonbids_data/fMRI/fx/models/WTP/all_waves/conditions/sub-DEV238/,"'/Users/denicia/DEV/nonbids_data/fMRI/fx/models/WTP/all_waves/conditions/sub-DEV238/,1'",,spmT_0001.nii,spmT_0002.nii,spmT_0003.nii,spmT_0004.nii,spmT_0005.nii,,,
146,DEV239,/Users/denicia/DEV/nonbids_data/fMRI/fx/models/WTP/all_waves/conditions/sub-DEV239/,"'/Users/denicia/DEV/nonbids_data/fMRI/fx/models/WTP/all_waves/conditions/sub-DEV239/,1'",,spmT_0001.nii,spmT_0002.nii,spmT_0003.nii,spmT_0004.nii,spmT_0005.nii,,,
147,DEV240,/Users/denicia/DEV/nonbids_data/fMRI/fx/models/WTP/all_waves/conditions/sub-DEV240/,"'/Users/denicia/DEV/nonbids_data/fMRI/fx/models/WTP/all_waves/conditions/sub-DEV240/,1'",,spmT_0001.nii,spmT_0002.nii,spmT_0003.nii,spmT_0004.nii,spmT_0005.nii,,,
148,DEV241,/Users/denicia/DEV/nonbids_data/fMRI/fx/models/WTP/all_waves/conditions/sub-DEV241/,"'/Users/denicia/DEV/nonbids_data/fMRI/fx/models/WTP/all_waves/conditions/sub-DEV241/,1'",,spmT_0001.nii,spmT_0002.nii,spmT_0003.nii,spmT_0004.nii,spmT_0005.nii,spmT_0006.nii,spmT_0007.nii,spmT_0008.nii
149,DEV244,/Users/denicia/DEV/nonbids_data/fMRI/fx/models/WTP/all_waves/conditions/sub-DEV244/,"'/Users/denicia/DEV/nonbids_data/fMRI/fx/models/WTP/all_waves/conditions/sub-DEV244/,1'",,spmT_0001.nii,spmT_0002.nii,spmT_0003.nii,spmT_0004.nii,spmT_0005.nii,,,
150,DEV246,/Users/denicia/DEV/nonbids_data/fMRI/fx/models/WTP/all_waves/conditions/sub-DEV246/,"'/Users/denicia/DEV/nonbids_data/fMRI/fx/models/WTP/all_waves/conditions/sub-DEV246/,1'",,spmT_0001.nii,spmT_0002.nii,spmT_0003.nii,spmT_0004.nii,spmT_0005.nii,,,
151,DEV247,/Users/denicia/DEV/nonbids_data/fMRI/fx/models/WTP/all_waves/conditions/sub-DEV247/,"'/Users/denicia/DEV/nonbids_data/fMRI/fx/models/WTP/all_waves/conditions/sub-DEV247/,1'",,spmT_0001.nii,spmT_0002.nii,spmT_0003.nii,spmT_0004.nii,spmT_0005.nii,,,
152,DEV251,/Users/denicia/DEV/nonbids_data/fMRI/fx/models/WTP/all_waves/conditions/sub-DEV251/,"'/Users/denicia/DEV/nonbids_data/fMRI/fx/models/WTP/all_waves/conditions/sub-DEV251/,1'",,spmT_0001.nii,spmT_0002.nii,spmT_0003.nii,spmT_0004.nii,spmT_0005.nii,,,
153,DEV252,/Users/denicia/DEV/nonbids_data/fMRI/fx/models/WTP/all_waves/conditions/sub-DEV252/,"'/Users/denicia/DEV/nonbids_data/fMRI/fx/models/WTP/all_waves/conditions/sub-DEV252/,1'",,spmT_0001.nii,spmT_0002.nii,spmT_0003.nii,spmT_0004.nii,spmT_0005.nii,spmT_0006.nii,spmT_0007.nii,spmT_0008.nii
154,DEV254,/Users/denicia/DEV/nonbids_data/fMRI/fx/models/WTP/all_waves/conditions/sub-DEV254/,"'/Users/denicia/DEV/nonbids_data/fMRI/fx/models/WTP/all_waves/conditions/sub-DEV254/,1'",,spmT_0001.nii,spmT_0002.nii,spmT_0003.nii,spmT_0004.nii,spmT_0005.nii,spmT_0006.nii,spmT_0007.nii,spmT_0008.nii
155,DEV256,/Users/denicia/DEV/nonbids_data/fMRI/fx/models/WTP/all_waves/conditions/sub-DEV256/,"'/Users/denicia/DEV/nonbids_data/fMRI/fx/models/WTP/all_waves/conditions/sub-DEV256/,1'",,spmT_0001.nii,spmT_0002.nii,spmT_0003.nii,spmT_0004.nii,spmT_0005.nii,,,
156,DEV257,/Users/denicia/DEV/nonbids_data/fMRI/fx/models/WTP/all_waves/conditions/sub-DEV257/,"'/Users/denicia/DEV/nonbids_data/fMRI/fx/models/WTP/all_waves/conditions/sub-DEV257/,1'",,spmT_0001.nii,spmT_0002.nii,spmT_0003.nii,spmT_0004.nii,spmT_0005.nii,,,
157,DEV258,/Users/denicia/DEV/nonbids_data/fMRI/fx/models/WTP/all_waves/conditions/sub-DEV258/,"'/Users/denicia/DEV/nonbids_data/fMRI/fx/models/WTP/all_waves/conditions/sub-DEV258/,1'",,spmT_0001.nii,spmT_0002.nii,spmT_0003.nii,spmT_0004.nii,spmT_0005.nii,,,
158,DEV259,/Users/denicia/DEV/nonbids_data/fMRI/fx/models/WTP/all_waves/conditions/sub-DEV259/,"'/Users/denicia/DEV/nonbids_data/fMRI/fx/models/WTP/all_waves/conditions/sub-DEV259/,1'",,spmT_0001.nii,spmT_0002.nii,spmT_0003.nii,spmT_0004.nii,spmT_0005.nii,,,
159,DEV260,/Users/denicia/DEV/nonbids_data/fMRI/fx/models/WTP/all_waves/conditions/sub-DEV260/,"'/Users/denicia/DEV/nonbids_data/fMRI/fx/models/WTP/all_waves/conditions/sub-DEV260/,1'",,spmT_0001.nii,spmT_0002.nii,spmT_0003.nii,spmT_0004.nii,spmT_0005.nii,spmT_0006.nii,spmT_0007.nii,spmT_0008.nii
160,DEV261,/Users/denicia/DEV/nonbids_data/fMRI/fx/models/WTP/all_waves/conditions/sub-DEV261/,"'/Users/denicia/DEV/nonbids_data/fMRI/fx/models/WTP/all_waves/conditions/sub-DEV261/,1'",,spmT_0001.nii,spmT_0002.nii,spmT_0003.nii,spmT_0004.nii,spmT_0005.nii,,,
161,DEV262,/Users/denicia/DEV/nonbids_data/fMRI/fx/models/WTP/all_waves/conditions/sub-DEV262/,"'/Users/denicia/DEV/nonbids_data/fMRI/fx/models/WTP/all_waves/conditions/sub-DEV262/,1'",,spmT_0001.nii,spmT_0002.nii,spmT_0003.nii,spmT_0004.nii,spmT_0005.nii,,,
162,DEV263,/Users/denicia/DEV/nonbids_data/fMRI/fx/models/WTP/all_waves/conditions/sub-DEV263/,"'/Users/denicia/DEV/nonbids_data/fMRI/fx/models/WTP/all_waves/conditions/sub-DEV263/,1'",,spmT_0001.nii,spmT_0002.nii,spmT_0003.nii,spmT_0004.nii,spmT_0005.nii,,,
163,DEV264,/Users/denicia/DEV/nonbids_data/fMRI/fx/models/WTP/all_waves/conditions/sub-DEV264/,"'/Users/denicia/DEV/nonbids_data/fMRI/fx/models/WTP/all_waves/conditions/sub-DEV264/,1'",,spmT_0001.nii,spmT_0002.nii,spmT_0003.nii,spmT_0004.nii,spmT_0005.nii,,,
164,DEV267,/Users/denicia/DEV/nonbids_data/fMRI/fx/models/WTP/all_waves/conditions/sub-DEV267/,"'/Users/denicia/DEV/nonbids_data/fMRI/fx/models/WTP/all_waves/conditions/sub-DEV267/,1'",,spmT_0001.nii,spmT_0002.nii,spmT_0003.nii,spmT_0004.nii,spmT_0005.nii,,,
165,DEV268,/Users/denicia/DEV/nonbids_data/fMRI/fx/models/WTP/all_waves/conditions/sub-DEV268/,"'/Users/denicia/DEV/nonbids_data/fMRI/fx/models/WTP/all_waves/conditions/sub-DEV268/,1'",,spmT_0001.nii,spmT_0002.nii,spmT_0003.nii,spmT_0004.nii,spmT_0005.nii,spmT_0006.nii,spmT_0007.nii,spmT_0008.nii
166,DEV269,/Users/denicia/DEV/nonbids_data/fMRI/fx/models/WTP/all_waves/conditions/sub-DEV269/,"'/Users/denicia/DEV/nonbids_data/fMRI/fx/models/WTP/all_waves/conditions/sub-DEV269/,1'",,spmT_0001.nii,spmT_0002.nii,spmT_0003.nii,spmT_0004.nii,spmT_0005.nii,,,
167,DEV270,/Users/denicia/DEV/nonbids_data/fMRI/fx/models/WTP/all_waves/conditions/sub-DEV270/,"'/Users/denicia/DEV/nonbids_data/fMRI/fx/models/WTP/all_waves/conditions/sub-DEV270/,1'",,spmT_0001.nii,spmT_0002.nii,spmT_0003.nii,spmT_0004.nii,spmT_0005.nii,,,
168,DEV271,/Users/denicia/DEV/nonbids_data/fMRI/fx/models/WTP/all_waves/conditions/sub-DEV271/,"'/Users/denicia/DEV/nonbids_data/fMRI/fx/models/WTP/all_waves/conditions/sub-DEV271/,1'",,spmT_0001.nii,spmT_0002.nii,spmT_0003.nii,spmT_0004.nii,spmT_0005.nii,,,
169,DEV272,/Users/denicia/DEV/nonbids_data/fMRI/fx/models/WTP/all_waves/conditions/sub-DEV272/,"'/Users/denicia/DEV/nonbids_data/fMRI/fx/models/WTP/all_waves/conditions/sub-DEV272/,1'",,spmT_0001.nii,spmT_0002.nii,spmT_0003.nii,spmT_0004.nii,spmT_0005.nii,,,
170,DEV275,/Users/denicia/DEV/nonbids_data/fMRI/fx/models/WTP/all_waves/conditions/sub-DEV275/,"'/Users/denicia/DEV/nonbids_data/fMRI/fx/models/WTP/all_waves/conditions/sub-DEV275/,1'",,spmT_0001.nii,spmT_0002.nii,spmT_0003.nii,spmT_0004.nii,spmT_0005.nii,spmT_0006.nii,spmT_0007.nii,spmT_0008.nii
171,DEV277,/Users/denicia/DEV/nonbids_data/fMRI/fx/models/WTP/all_waves/conditions/sub-DEV277/,"'/Users/denicia/DEV/nonbids_data/fMRI/fx/models/WTP/all_waves/conditions/sub-DEV277/,1'",,spmT_0001.nii,spmT_0002.nii,spmT_0003.nii,spmT_0004.nii,spmT_0005.nii,spmT_0006.nii,spmT_0007.nii,spmT_0008.nii
172,DEV282,/Users/denicia/DEV/nonbids_data/fMRI/fx/models/WTP/all_waves/conditions/sub-DEV282/,"'/Users/denicia/DEV/nonbids_data/fMRI/fx/models/WTP/all_waves/conditions/sub-DEV282/,1'",,spmT_0001.nii,spmT_0002.nii,spmT_0003.nii,spmT_0004.nii,spmT_0005.nii,spmT_0006.nii,spmT_0007.nii,spmT_0008.nii
173,DEV283,/Users/denicia/DEV/nonbids_data/fMRI/fx/models/WTP/all_waves/conditions/sub-DEV283/,"'/Users/denicia/DEV/nonbids_data/fMRI/fx/models/WTP/all_waves/conditions/sub-DEV283/,1'",,spmT_0001.nii,spmT_0002.nii,spmT_0003.nii,spmT_0004.nii,spmT_0005.nii,spmT_0006.nii,spmT_0007.nii,spmT_0008.nii
174,DEV285,/Users/denicia/DEV/nonbids_data/fMRI/fx/models/WTP/all_waves/conditions/sub-DEV285/,"'/Users/denicia/DEV/nonbids_data/fMRI/fx/models/WTP/all_waves/conditions/sub-DEV285/,1'",,spmT_0001.nii,spmT_0002.nii,spmT_0003.nii,spmT_0004.nii,spmT_0005.nii,,,
175,DEV286,/Users/denicia/DEV/nonbids_data/fMRI/fx/models/WTP/all_waves/conditions/sub-DEV286/,"'/Users/denicia/DEV/nonbids_data/fMRI/fx/models/WTP/all_waves/conditions/sub-DEV286/,1'",,spmT_0001.nii,spmT_0002.nii,spmT_0003.nii,spmT_0004.nii,spmT_0005.nii,,,
176,DEV290,/Users/denicia/DEV/nonbids_data/fMRI/fx/models/WTP/all_waves/conditions/sub-DEV290/,"'/Users/denicia/DEV/nonbids_data/fMRI/fx/models/WTP/all_waves/conditions/sub-DEV290/,1'",,spmT_0001.nii,spmT_0002.nii,spmT_0003.nii,spmT_0004.nii,spmT_0005.nii,,,
177,DEV291,/Users/denicia/DEV/nonbids_data/fMRI/fx/models/WTP/all_waves/conditions/sub-DEV291/,"'/Users/denicia/DEV/nonbids_data/fMRI/fx/models/WTP/all_waves/conditions/sub-DEV291/,1'",,spmT_0001.nii,spmT_0002.nii,spmT_0003.nii,spmT_0004.nii,spmT_0005.nii,spmT_0006.nii,spmT_0007.nii,spmT_0008.nii
178,DEV292,/Users/denicia/DEV/nonbids_data/fMRI/fx/models/WTP/all_waves/conditions/sub-DEV292/,"'/Users/denicia/DEV/nonbids_data/fMRI/fx/models/WTP/all_waves/conditions/sub-DEV292/,1'",,spmT_0001.nii,spmT_0002.nii,spmT_0003.nii,spmT_0004.nii,spmT_0005.nii,spmT_0006.nii,spmT_0007.nii,spmT_0008.nii
179,DEV294,/Users/denicia/DEV/nonbids_data/fMRI/fx/models/WTP/all_waves/conditions/sub-DEV294/,"'/Users/denicia/DEV/nonbids_data/fMRI/fx/models/WTP/all_waves/conditions/sub-DEV294/,1'",,spmT_0001.nii,spmT_0002.nii,spmT_0003.nii,spmT_0004.nii,spmT_0005.nii,spmT_0006.nii,spmT_0007.nii,spmT_0008.nii
180,DEV296,/Users/denicia/DEV/nonbids_data/fMRI/fx/models/WTP/all_waves/conditions/sub-DEV296/,"'/Users/denicia/DEV/nonbids_data/fMRI/fx/models/WTP/all_waves/conditions/sub-DEV296/,1'",,spmT_0001.nii,spmT_0002.nii,spmT_0003.nii,spmT_0004.nii,spmT_0005.nii,,,
181,DEV298,/Users/denicia/DEV/nonbids_data/fMRI/fx/models/WTP/all_waves/conditions/sub-DEV298/,"'/Users/denicia/DEV/nonbids_data/fMRI/fx/models/WTP/all_waves/conditions/sub-DEV298/,1'",,spmT_0001.nii,spmT_0002.nii,spmT_0003.nii,spmT_0004.nii,spmT_0005.nii,,,
182,DEV303,/Users/denicia/DEV/nonbids_data/fMRI/fx/models/WTP/all_waves/conditions/sub-DEV303/,"'/Users/denicia/DEV/nonbids_data/fMRI/fx/models/WTP/all_waves/conditions/sub-DEV303/,1'",,spmT_0001.nii,spmT_0002.nii,spmT_0003.nii,spmT_0004.nii,spmT_0005.nii,,,
183,DEV305,/Users/denicia/DEV/nonbids_data/fMRI/fx/models/WTP/all_waves/conditions/sub-DEV305/,"'/Users/denicia/DEV/nonbids_data/fMRI/fx/models/WTP/all_waves/conditions/sub-DEV305/,1'",,spmT_0001.nii,spmT_0002.nii,spmT_0003.nii,spmT_0004.nii,spmT_0005.nii,,,
184,DEV306,/Users/denicia/DEV/nonbids_data/fMRI/fx/models/WTP/all_waves/conditions/sub-DEV306/,"'/Users/denicia/DEV/nonbids_data/fMRI/fx/models/WTP/all_waves/conditions/sub-DEV306/,1'",,spmT_0001.nii,spmT_0002.nii,spmT_0003.nii,spmT_0004.nii,spmT_0005.nii,spmT_0006.nii,spmT_0007.nii,spmT_0008.nii
185,DEV308,/Users/denicia/DEV/nonbids_data/fMRI/fx/models/WTP/all_waves/conditions/sub-DEV308/,"'/Users/denicia/DEV/nonbids_data/fMRI/fx/models/WTP/all_waves/conditions/sub-DEV308/,1'",,spmT_0001.nii,spmT_0002.nii,spmT_0003.nii,spmT_0004.nii,spmT_0005.nii,spmT_0006.nii,spmT_0007.nii,spmT_0008.nii
186,DEV312,/Users/denicia/DEV/nonbids_data/fMRI/fx/models/WTP/all_waves/conditions/sub-DEV312/,"'/Users/denicia/DEV/nonbids_data/fMRI/fx/models/WTP/all_waves/conditions/sub-DEV312/,1'",,spmT_0001.nii,spmT_0002.nii,spmT_0003.nii,spmT_0004.nii,spmT_0005.nii,,,
